id,deck,type,heat,sparks,match,players,pairing,time,text,aftercare
E001,embers,Ask,1,1,,2+,any,,What's a hill you'd die on that nobody here has ever heard you defend?,
E002,embers,Ask,1,1,,2+,any,,What's the smallest thing that can turn your whole day around?,
E003,embers,Ask,1,1,,2+,any,,"If your life had a theme song right now, what is it, and why is it slightly embarrassing?",
E004,embers,Ask,1,1,,2+,any,,What's a compliment you got years ago that you still think about?,
E005,embers,Ask,1,1,,2+,any,,What's a weird skill you have that has never once been useful?,
E006,embers,Ask,1,1,,2+,any,,"What did you want to be when you grew up, and how close did you get?",
E007,embers,Ask,2,2,,2+,any,,What's something you're proud of that you never get to brag about? Brag now.,
E008,embers,Ask,2,2,,2+,any,,What's a habit of yours you secretly hope someone finds charming?,
E009,embers,Ask,2,2,,2+,any,,When do you feel most like yourself?,
E010,embers,Ask,2,2,,2+,any,,What's something you've completely changed your mind about in the last year?,
E011,embers,Ask,2,2,,2+,any,,What was your honest first impression of the person to your left? Be kind. Be honest.,
E012,embers,Ask,2,2,,2+,any,,"What's a fear you've outgrown, and one you're still carrying?",
E013,embers,Ask,2,2,,2+,partners,,What's a moment with me you still replay that I've probably forgotten?,
E014,embers,Ask,2,2,,2+,partners,,What kind of touch calms you down almost instantly?,
E015,embers,Ask,3,3,,2+,partners,,What's something you need more of from me but feel silly asking for?,
E016,embers,Ask,3,3,,2+,partners,,When was the last time you felt lonely while we were together?,
E017,embers,Ask,3,3,,2+,partners,,"What's a part of your body you've made peace with, and one you're still working on?",
E018,embers,Ask,3,3,,2+,partners,,What's a kiss you still think about? No names. Just describe it.,
E019,embers,Ask,3,3,,2+,partners,,What's something you've never told me because you were afraid of how I'd react?,
E020,embers,Ask,3,3,,2+,partners,,"What makes you feel wanted, not just loved?",
E021,embers,Ask,3,3,,2+,partners,,What's something your past self would be shocked to see you doing now?,
E022,embers,Ask,3,3,,2+,partners,,What's a fear about us you haven't said out loud yet?,
E023,embers,Ask,4,4,,2+,partners,,What's something you've wanted to try in bed but never said out loud?,
E024,embers,Ask,4,4,,2+,partners,,"What's something you've never forgiven me for, even a little?",
E025,embers,Ask,4,4,,2+,partners,,"What's the most turned on you've ever been with me, and what set it off?",
E026,embers,Ask,4,4,,2+,partners,,Where's the riskiest place you've fantasized about having sex with me?,
E027,embers,Ask,4,4,,2+,partners,,"What's a fantasy you'd never want to happen in real life, and why does it still work on you?",
E028,embers,Ask,5,5,,2+,partners,,"If you knew I'd say yes to anything tonight, what would you ask me to do to you?",
E029,embers,Ask,5,5,,2+,partners,,What's a kink you're curious about but have never admitted to anyone?,
E030,embers,Ask,5,5,,2+,partners,2 min,"What's your most persistent fantasy? Describe it slowly, in as much detail as you dare.",
E031,embers,Tell,1,1,,2+,any,,Tell the story of your most spectacular failed attempt to impress someone.,
E032,embers,Tell,1,1,,2+,any,,"Finish this: ""I'm weirdly, irrationally competitive about ____.""",
E033,embers,Tell,1,1,,2+,any,,"""My love languages are words of affirmation, quality time, and ____.""",
E034,embers,Tell,1,1,,2+,any,,"""If I were a snack, I'd be ____, because ____."" Defend your answer.",
E035,embers,Tell,1,1,,2+,any,,"Describe the best meal of your life: what it was, where, and who was across the table.",
E036,embers,Tell,2,2,,2+,any,,"""The pettiest reason I've ever stopped liking someone was ____.""",
E037,embers,Tell,2,2,,2+,any,,"""The fastest way into my heart is ____. The fastest way out is ____.""",
E038,embers,Tell,2,2,,2+,any,,Tell the story of a time you laughed so hard you had to leave the room.,
E039,embers,Tell,2,2,,2+,any,,Tell about a time you were braver than anyone gave you credit for.,
E040,embers,Tell,2,2,,2+,any,,Tell the person to your left about a moment you felt proud of them.,
E041,embers,Tell,2,2,,2+,partners,,"""The most attractive thing you did this week was ____."" Explain yourself.",
E042,embers,Tell,3,3,,2+,partners,,Confess something you've pretended to like for their sake.,
E043,embers,Tell,3,3,,2+,partners,,Tell them about a moment you fell a little harder for them and didn't say so.,
E044,embers,Tell,3,3,,2+,partners,,"""I feel sexiest when ____."" Then tell them how to make it happen more.",
E045,embers,Tell,3,3,,2+,partners,,Tell them about a time you felt jealous and never mentioned it.,
E046,embers,Tell,3,3,,2+,partners,,Describe the exact moment you first wanted to kiss them. Set the scene.,
E047,embers,Tell,3,3,,2+,partners,,"Tell the story of your first kiss ever, narrated like a nature documentary.",
E048,embers,Tell,3,3,,2+,partners,,Tell them something you've carried shame about that you're ready to set down.,
E049,embers,Tell,4,4,,2+,partners,,"""When I'm alone and thinking about you, I mostly think about ____.""",
E050,embers,Tell,4,4,,2+,partners,,Describe the last time you thought about having sex with them when you really shouldn't have.,
E051,embers,Tell,4,4,,2+,partners,,Confess a time you were turned on at the worst possible moment.,
E052,embers,Tell,4,4,,2+,partners,,"""The sexiest thing you could whisper to me in public is ____."" Now whisper it.",
E053,embers,Tell,4,4,,2+,partners,2 min,Describe the best sex you've ever had with them as if you're telling them a bedtime story.,
E054,embers,Tell,5,5,,2+,partners,2 min,"Tell them, step by step, exactly how you'd like tonight to end. Take your time.",
E055,embers,Tell,5,5,,2+,partners,,Confess the dirtiest thought you've had about them today. Leave nothing out.,
E056,embers,Notice,1,1,,2+,any,,Describe your partner's laugh to someone who's never heard it.,
E057,embers,Notice,1,1,,2+,any,,Guess what song is stuck in their head right now. Then ask.,
E058,embers,Notice,1,1,,3+,any,,Name one thing each person here did tonight that made you smile.,
E059,embers,Notice,1,1,yes,3+,any,,"On three, everyone point to the person most likely to cry at a commercial.",
E060,embers,Notice,2,2,,2+,any,60 sec,Hold eye contact with your partner for 60 seconds without talking. Laughing is allowed.,
E061,embers,Notice,2,2,,2+,any,,Name three things you love about how the person to your left looks right now.,
E062,embers,Notice,2,2,,2+,any,,"Guess, in one word, what your partner is feeling right now. Let them tell you how close you got.",
E063,embers,Notice,2,2,,2+,any,,Close your eyes and describe their hands in as much detail as you can.,
E064,embers,Notice,2,2,yes,2+,any,,"On three, everyone hold up 1 to 5 fingers: how much energy do you have left tonight?",
E065,embers,Notice,2,2,,3+,any,,Describe someone here in three words. Everyone else guesses who.,
E066,embers,Notice,3,3,,2+,partners,,"Describe your partner out loud, slowly, starting at their eyes and working down to their collarbones.",
E067,embers,Notice,3,3,,2+,partners,60 sec,Put your hand over their heart for one minute. Tell them what you felt.,
E068,embers,Notice,3,3,,2+,partners,,Tell them what you see in their face when they look at you.,
E069,embers,Notice,3,3,yes,2+,partners,,"On three, everyone point to the room in your home where you'd most like to be kissed right now.",
E070,embers,Notice,3,3,,2+,partners,2 min,"Sit knee to knee. Without talking, try to sync your breathing for two minutes.",
E071,embers,Notice,4,4,,2+,partners,,"Look your partner over and say, out loud, exactly what you'd undress first and why.",
E072,embers,Notice,4,4,yes,2+,partners,,"On three, everyone silently show 1 to 5 fingers: how badly do you want to be touched right now?",
E073,embers,Notice,4,4,,2+,partners,,"Close your eyes. Describe the last time they made you want them, down to what they were wearing.",
E074,embers,Notice,5,5,,2+,partners,2 min,Hold eye contact while they slowly undress. Narrate what you notice. No touching until they say so.,
E075,embers,Notice,5,5,yes,2+,partners,,Everyone secretly write down the one thing you want most tonight. Reveal together and see who matches.,
E076,embers,Touch,1,1,,2+,any,60 sec,"Hold hands in silence for 60 seconds. No talking, no phones, eye contact if you can stand it.",
E077,embers,Touch,1,1,,2+,any,2 min,"Invent a secret handshake with your partner. Four moves minimum, plus one dramatic finish.",
E078,embers,Touch,1,1,,3+,any,,"Everyone stacks hands in the middle like a team huddle. On three, shout one word that sums up tonight.",
E079,embers,Touch,2,2,,2+,partners,60 sec,Rest your forehead against theirs and breathe together for ten slow breaths.,
E080,embers,Touch,2,2,,2+,any,60 sec,"Rub your partner's shoulders for one full minute. They narrate what's working, like a demanding food critic.",
E081,embers,Touch,2,2,,2+,any,,Trace a secret word on their back with one finger. They get three guesses.,
E082,embers,Touch,2,2,,2+,partners,,Cup their face in both hands and look at them for ten seconds before you say a single word.,
E083,embers,Touch,3,3,,2+,partners,60 sec,"Trace their spine through their shirt, top to bottom, as slowly as you can bear.",
E084,embers,Touch,3,3,,2+,partners,,Kiss them somewhere you've never deliberately kissed before. Announce the location first.,
E085,embers,Touch,3,3,,2+,partners,,"Kiss the inside of their wrist, then stop. They decide where your next kiss lands.",
E086,embers,Touch,3,3,,2+,partners,60 sec,"Sit behind them and wrap them up. One kiss on the back of the neck, then just hold on.",
E087,embers,Touch,3,3,,2+,partners,30 sec,Kiss for 30 seconds with both of you keeping your hands behind your backs. Harder than it sounds.,
E088,embers,Touch,3,3,,2+,partners,,Run your fingers slowly across their scalp and the back of their neck until they make a noise.,
E089,embers,Touch,3,3,,3+,partners,,Everyone kisses the person on their left anywhere above the collar. The person being kissed picks the spot.,
E090,embers,Touch,4,4,,2+,partners,10 min,Undress them one item at a time. Kiss each new patch of skin before you move on.,
E091,embers,Touch,4,4,,2+,partners,2 min,Cover their eyes. Touch them in three places with three different things. They guess what you used.,
E092,embers,Touch,4,4,,2+,partners,,Slide one hand under their shirt and rest it on their bare back. It stays there until the next card is done.,
E093,embers,Touch,4,4,,2+,partners,60 sec,Kiss your way from their ear to their collarbone. Take at least a full minute to get there.,
E094,embers,Touch,4,4,,2+,partners,,Ask where they want your hands. Put them there. Stay until they say move.,
E095,embers,Touch,4,4,yes,2+,partners,,Match: everyone ditches one item of clothing. Thumbs under the table first.,
E096,embers,Touch,5,5,,2+,partners,10 min,Undress each other without speaking. Then lie skin to skin for two minutes before anything else happens.,
E097,embers,Touch,5,5,,2+,partners,2 min,"Touch them wherever they ask, however they ask, for three minutes. They give directions; you follow them exactly.",
E098,embers,Tend,1,1,,2+,any,,Pour them a glass of water and set it down in front of them without a word. Watch them notice.,
E099,embers,Tend,1,1,,2+,any,,"Text them a genuine compliment right now, even though they're sitting right there.",
E100,embers,Tend,2,2,,2+,any,2 min,"Massage their hands, one finger at a time, like each finger has had a very long week.",
E101,embers,Tend,2,2,,2+,any,one day,Leave a note somewhere they'll find it tomorrow. Give zero hints about where.,
E102,embers,Tend,2,2,,2+,partners,this week,Buy them one flower this week for no reason at all. Don't explain it. Ever.,
E103,embers,Tend,2,2,,2+,any,2 min,"Make them their drink of choice exactly how they like it, without asking a single question. Then get graded.",
E104,embers,Tend,3,3,,2+,partners,,Hand-feed them the last bite of something. Hold eye contact while they chew. Try not to laugh.,
E105,embers,Tend,3,3,,2+,partners,2 min,Ask which part of their body is tired today. Tend to that spot with your hands for three minutes.,
E106,embers,Tend,3,3,,2+,partners,2 min,Write down the thing you're proudest of them for. Hand it over. They read it aloud.,
E107,embers,Tend,3,3,,2+,partners,tonight,"Put them to bed tonight: water on the nightstand, covers tucked, one kiss on the forehead.",
E108,embers,Tend,4,4,,2+,partners,tonight,"Give them a full oil massage tonight. No agenda, unless they bring one.",
E109,embers,Tend,4,4,,2+,partners,this week,"Run them a bath or shower this week, then ask if they'd like company. Bring a towel either way.",
E110,embers,Tend,4,4,,2+,partners,tonight,"Pick out what they'll wear to bed tonight, or decide that it's nothing at all. Their veto stands.",
E111,embers,Play,1,1,,2+,any,30 sec,Make up a 30-second song about how you met. A key change is mandatory.,
E112,embers,Play,1,1,,2+,any,60 sec,Give a dramatic sports-commentator recap of the first time you two hung out. Slow-motion replays encouraged.,
E113,embers,Play,1,1,,3+,any,,"Everyone stands. On three, strike your most heroic album-cover pose and hold it for ten seconds.",
E114,embers,Play,1,1,,2+,any,60 sec,Describe your partner like a rare creature in a nature documentary. Hushed narrator voice required.,
E115,embers,Play,2,2,,2+,any,60 sec,Do your best impression of them flirting. They get a rebuttal impression of you.,
E116,embers,Play,2,2,,2+,any,60 sec,Slow dance with no music. One of you hums. Badly.,
E117,embers,Play,2,2,,2+,any,,Pitch your partner as a dating profile in three sentences. Include one red flag and one green flag.,
E118,embers,Play,2,2,,3+,any,,Everyone tries a pickup line on the person to their right. The table votes the worst; that person earns a Spark.,
E119,embers,Play,3,3,,2+,partners,2 min,"Reenact your first kiss, playing both parts yourself. Then let them show you what really happened.",
E120,embers,Play,3,3,,2+,partners,2 min,Hot or Cold: hide an imaginary kiss somewhere on your body. They hunt for it with their lips while you call hotter or colder.,
E121,embers,Play,3,3,,2+,partners,60 sec,"Perform a slow, sultry striptease of exactly one sock. Full drama, full eye contact, zero irony.",
E122,embers,Play,3,3,,2+,partners,2 min,Role-play strangers meeting at a bar for two minutes. Fake names only. Try to get their number.,
E123,embers,Play,4,4,yes,2+,partners,30 sec,"Match: everyone does their sexiest dance for 30 seconds, all at once, eyes on whoever you like. Thumbs under the table first.",
E124,embers,Play,4,4,,2+,partners,60 sec,Play Simon Says with your partner for one minute. Simon is feeling bold tonight.,
E125,embers,Play,4,4,,2+,partners,2 min,"Act out what you'd like to do to them later using only charades. If they guess it, they can claim it.",
E126,embers,Play,5,5,,2+,partners,2 min,Give them a real striptease to a song they choose. Stop wherever you like; they can't touch until it ends.,
E127,embers,Play,5,5,,2+,partners,2 min,You're in charge for five minutes. Give them three commands; they answer each with 'yes' or 'try again.',
E128,embers,Play,5,5,,2+,partners,2 min,Make up a steamy scene starring you and them and tell it aloud. Keep going until they stop you with a kiss.,
E129,embers,Dare,1,1,,2+,any,,Give everyone else at the table the most enthusiastic high five of their lives. Running starts allowed.,
E130,embers,Dare,2,2,yes,2+,any,,Match: everyone swaps one item of clothing with the person to their left for the rest of the game. Thumbs under the table first.,
E131,embers,Dare,3,3,,2+,partners,,Sit on their lap for the next round. Keep playing like nothing is happening.,
E132,embers,Dare,3,3,,2+,partners,,Kiss them like it's the last scene of a movie. Swelling music optional; a dip is strongly encouraged.,
E133,embers,Dare,4,4,,2+,partners,,Take off one item of clothing of your partner's choosing.,
E134,embers,Dare,4,4,,2+,partners,,Whisper exactly what you want to do to them later. Every detail. Nobody else gets to hear.,
E135,embers,Dare,4,4,yes,2+,partners,30 sec,Match: everyone makes out with the person to their left for 30 seconds. Thumbs under the table first.,
E136,embers,Dare,5,5,yes,2+,partners,,"Match: everyone finishes the game in underwear, or less. Thumbs under the table first.",
E137,embers,Dare,5,5,,2+,partners,10 min,"Leave the table with your partner for five minutes. When you come back, report one word only.",
E138,embers,Dare,5,5,,2+,partners,2 min,Guide their hand to exactly where and how you like to be touched. Narrate. They're taking notes.,
E139,embers,Dare,5,5,,2+,partners,,"Point to a spot below your waistband. They kiss it for a slow count of ten, over clothes or under. Your call.",
E140,embers,Dare,5,5,,2+,partners,,Strip down to what you'd be brave enough to answer the door in. Stay that way for three turns.,
E141,embers,Wild card,1,0,,2+,any,,"Pass It On: keep this. When you draw a card you'd rather give away, hand it to anyone you like. They play it as if they drew it.",
E142,embers,Wild card,1,0,,2+,any,,Double Down: the next card anyone plays is worth double Sparks. Make it count.,
E143,embers,Wild card,1,0,,2+,any,,Cool It: everyone's heat cap drops by one for the next 3 turns. Breathe. Hydrate. Smolder.,
E144,embers,Wild card,1,0,,2+,any,,"Turn It Up: if everyone agrees, the heat cap rises by one for the next 3 turns. One no keeps it where it is.",
E145,embers,Wild card,1,0,,2+,any,,Steal the Woodpile: take any claimed card from someone else's Woodpile and do it yourself. The Sparks are yours now.,
E146,embers,Wild card,1,0,,2+,any,,Reverse: the person to your right reads your next card and does it to you. Sit back and receive.,
E147,embers,Wild card,1,0,,2+,any,,Free Pass: keep this. Play it any time to skip a card and still score 1 Spark. No explanation needed.,
E148,embers,Wild card,1,0,,2+,any,,"Callback: pick any card played tonight and do it again. Full Sparks, encore energy.",
E149,embers,Wild card,1,0,,2+,any,,Your Rules: invent a card on the spot and play it. The person receiving it chooses the heat.,
E150,embers,Wild card,1,0,,2+,any,,Truce: everyone gains 3 Sparks and takes a water break. Snacks count too.,
W001,wildfire,Challenge,1,2,,2+,any,this month,"Learn a dance from a music video, every step, and perform it for each other. Costumes strongly encouraged.",
W002,wildfire,Challenge,1,2,,2+,any,one day,"Spend a whole day letting a coin flip choose every turn, every meal, every stop. Go wherever it sends you.",
W003,wildfire,Challenge,1,2,,2+,any,this month,"Take a class neither of you would ever pick: fencing, trapeze, glassblowing. Whoever's worse buys dinner.",
W004,wildfire,Challenge,2,4,,2+,any,this week,"Write each other letters, seal them, and hide them somewhere safe. Open them together in five years.",
W005,wildfire,Challenge,2,4,,2+,partners,this month,"Recreate your first date beat for beat: same place, same order, same outfit if it fits. Same awkward goodbye optional.",
W006,wildfire,Challenge,2,4,,2+,partners,this month,Plan a mystery date they know nothing about. All they get is a dress code and a pickup time.,
W007,wildfire,Challenge,2,4,,2+,partners,one week,"Leave them a love note every day for a week, each hidden somewhere stranger than the last.",
W008,wildfire,Challenge,3,6,,2+,partners,one day,Spend an entire day in bed together. Phones off and in another room. Meals in bed. Leave only when you have to.,
W009,wildfire,Challenge,3,6,yes,2+,partners,this month,"Secret vote: if everyone says yes, go skinny-dipping somewhere secluded under the stars. Nobody around, nothing on.",
W010,wildfire,Challenge,3,6,,2+,partners,this week,"Cook a three-course dinner wearing nothing but aprons. Anything that burns, you start over. Maybe.",
W011,wildfire,Challenge,3,6,,2+,partners,this month,"Take a couples massage class, then give each other the full routine at home, candles and all.",
W012,wildfire,Challenge,3,6,,2+,partners,this week,Go dancing somewhere loud and dance only with each other. Leave the second someone whispers 'let's go home.',
W013,wildfire,Challenge,3,6,,2+,partners,this week,"Recreate a famous movie kiss: the rain, the upside-down, the dramatic dip. Commit fully. No laughing until after.",
W014,wildfire,Challenge,3,6,,2+,partners,this week,"Make out in a photo booth until the last frame, then hang the strip somewhere you'll see it every day.",
W015,wildfire,Challenge,3,6,,2+,partners,this week,"Handwrite them a real love letter, three pages minimum, and read it aloud to them in the bath.",
W016,wildfire,Challenge,3,6,,2+,partners,this month,"Rent a cabin with no signal for a weekend. Pack food, a deck of cards, and nothing to wear to bed.",
W017,wildfire,Challenge,3,6,,2+,partners,tonight,"Shower together by the light of a single candle and wash each other slowly, head to toe.",
W018,wildfire,Challenge,3,6,,2+,partners,this week,Sit in the back row of a late movie and make out like it's your first date. Leave before the credits.,
W019,wildfire,Challenge,3,6,,2+,partners,tonight,"Spend a whole evening touching only hands, faces, and hair. Nothing else, no matter how tempting it gets.",
W020,wildfire,Challenge,3,6,,2+,partners,this month,"Kiss at the top of something tall: a rooftop, a mountain, a ferris wheel. Hold it until your knees go weak.",
W021,wildfire,Challenge,3,6,,2+,partners,this month,"Wake them at 3 a.m. for a planned surprise: blankets outside, something warm to drink, the stars, and you.",
W022,wildfire,Challenge,4,8,,2+,partners,this month,"Take a pole or striptease class together, then perform your routine for each other within the month.",
W023,wildfire,Challenge,4,8,,2+,partners,tonight,Play naked Twister. Loser of each round picks where the winner gets kissed next.,
W024,wildfire,Challenge,4,8,,2+,partners,this month,"Book a hotel in your own city. Arrive separately, meet at the bar as strangers, and let them pick you up.",
W025,wildfire,Challenge,4,8,yes,2+,partners,one day,"Secret vote: if everyone says yes, hold a 24-hour yes day. Agree on limits first, then every ask gets a yes.",
W026,wildfire,Challenge,4,8,,2+,partners,this month,"Take boudoir photos of each other: good light, your best everything, and a private album only you two see.",
W027,wildfire,Challenge,4,8,,2+,partners,this week,"Cook a candlelit dinner at home, dress up properly, and remove one piece of clothing per course.",
W028,wildfire,Challenge,4,8,,2+,partners,one week,"Declare a no-clothes weekend at home. Robes for the door, then right back to nothing.",
W029,wildfire,Challenge,4,8,,2+,partners,one day,"Text them every hour for a whole day, each message hotter than the last, until they walk through the door.",
W030,wildfire,Challenge,4,8,,2+,partners,this week,"Reenact the sexiest scene from a film you both love, dialogue included, until you can't keep a straight face.",
W031,wildfire,Challenge,4,8,,2+,partners,this week,"Blindfold one of you from dinner through dessert to bed. The other narrates, feeds, and guides. Switch next weekend.",
W032,wildfire,Challenge,4,8,,2+,partners,this week,Visit a sensual shop together. Each secretly buys one gift for the other. Unwrap them that night.,
W033,wildfire,Challenge,4,8,,2+,partners,this month,"Write out a detailed fantasy, seal it, and hand it over. They have one month to make it real.",
W034,wildfire,Challenge,4,8,,2+,partners,this week,Go to a fancy dinner with nothing on under your clothes. Only you two know. Act completely normal.,
W035,wildfire,Challenge,5,10,,2+,partners,this month,"Have sex somewhere semi-public you can actually get away with. Discreet, private, nobody sees. Plan the escape route.",
W036,wildfire,Challenge,5,10,,2+,partners,one week,"Tease each other for a full week: kisses, touches, whispered promises. No sex until Sunday night.",
W037,wildfire,Challenge,5,10,yes,2+,partners,this month,"Secret vote: if everyone says yes, try the thing that's been on your wish list the longest. Limits first, then go.",
W038,wildfire,Challenge,5,10,,2+,partners,one week,"Have sex in every room of your home in one weekend. Yes, the laundry room counts.",
W039,wildfire,Challenge,5,10,,2+,partners,this week,Write each other a filthy short story starring the two of you. Swap and read them aloud in bed.,
W040,wildfire,Challenge,5,10,,2+,partners,tonight,"Spend a whole night with no hands allowed, only mouths. Whoever uses hands first makes breakfast.",
W041,wildfire,Challenge,5,10,,2+,partners,this month,Go out to dinner while one of you wears a remote-controlled toy and the other holds the remote.,
W042,wildfire,Challenge,5,10,,2+,partners,this month,Write a menu of ten things you want them to do to you. They order one each night for ten nights.,
W043,wildfire,Challenge,5,10,,2+,partners,one week,Try a new position every night for a week. Keep a secret scorecard. Crown a winner on day seven.,
W044,wildfire,Challenge,5,10,,2+,partners,tonight,"Prop a mirror beside the bed, leave the lights on, and keep your eyes open the whole time.",
W045,wildfire,Reversal,1,2,,2+,partners,one week,"Swap chores for a week. All of them, including the gross one nobody ever talks about.",
W046,wildfire,Reversal,2,4,,2+,partners,one week,"Swap who drives, who navigates, and who controls the music for a week. Zero backseat commentary allowed.",
W047,wildfire,Reversal,2,4,,2+,partners,this month,Swap date-planning for a month. Whoever usually plans sits back; whoever usually follows plans everything.,
W048,wildfire,Reversal,2,4,,2+,partners,one week,"Swap morning routines for a week: their alarm, their breakfast, their coffee order, their playlist.",
W049,wildfire,Reversal,2,4,,2+,partners,one week,Swap who says 'I love you' first for a week. The usual first-sayer is only allowed to say it back.,
W050,wildfire,Reversal,3,6,,2+,partners,one day,"Swap wardrobes for a day: each picks the other's full outfit, underwear included, and they wear it out.",
W051,wildfire,Reversal,3,6,,2+,partners,one week,Swap who initiates for a week. Whoever usually reaches first has to wait. Whoever usually waits makes every move.,
W052,wildfire,Reversal,4,8,,2+,partners,tonight,"Swap who's in charge in the bedroom for one night. Agree on limits, then the usual leader follows every instruction.",
W053,wildfire,Reversal,4,8,,2+,partners,this week,"Swap who seduces whom: the one usually pursued sets the scene, the music, the outfit, and the opening line.",
W054,wildfire,Reversal,5,10,,2+,partners,tonight,"Spend one night doing to them exactly what they usually do to you, move for move. They'll get the message.",
W055,wildfire,Group,1,2,,3+,any,this month,"Rehearse a song in secret as a group, then ambush one player with a full serenade. Harmonies optional, choreography mandatory.",
W056,wildfire,Group,1,2,,3+,any,this month,"Recreate a famous album cover as a group photo shoot. Costumes, props, the exact pose. Frame the winner.",
W057,wildfire,Group,2,4,,3+,any,this month,Host a progressive dinner: one course at each player's place. Every host picks the theme and the dress code.,
W058,wildfire,Group,2,4,,3+,any,this month,"Throw a roast-and-toast night: draw a name, prepare two minutes of roast and two minutes of toast, then deliver both.",
W059,wildfire,Group,2,4,yes,3+,any,this month,"Secret vote: if everyone says yes, do a sunrise cold-water plunge together, then a huge breakfast to recover.",
W060,wildfire,Group,2,4,,3+,any,one night,"Everyone writes one thing they've never told this group, anonymously. Shuffle, read them aloud over dessert, then guess.",
S001,slowburn,Ritual,1,2,,2+,partners,1 hour,"Read aloud to them while they're in the bath. Their pick of book, your best voice for every character.",
S002,slowburn,Ritual,1,2,,2+,any,10 min,Brush their hair for ten slow minutes. No talking unless they start it.,
S003,slowburn,Ritual,1,2,,2+,any,30 min,"Paint each other's nails. You each pick the other's color, and nobody gets a veto.",
S004,slowburn,Ritual,1,2,,2+,partners,tonight,Fall asleep on a video call together. Whoever wakes first hangs up quietly and texts goodnight.,
S005,slowburn,Ritual,2,4,,2+,partners,a morning,"Feed each other breakfast in bed. Hands only, no forks, crumbs are part of the deal.",
S006,slowburn,Ritual,2,4,,2+,partners,tonight,Fall asleep holding hands. Whoever lets go first makes the coffee.,
S007,slowburn,Ritual,2,4,,2+,any,20 min,"Wash their hair at the sink like a fancy salon: warm water, slow scalp massage, towel turban to finish.",
S008,slowburn,Ritual,2,4,,2+,any,an evening,"Teach each other a skill you're secretly proud of: a card trick, a recipe, a song. Twenty minutes each.",
S009,slowburn,Ritual,2,4,,2+,any,15 min,"Give them a hand massage while they tell you about their day, start to finish, no interruptions.",
S010,slowburn,Ritual,2,4,,2+,partners,an evening,"Make a playlist where every song is tied to one specific night together. Play it start to finish, lights low.",
S011,slowburn,Ritual,2,4,,3+,any,an evening,Everyone drops their phone in a bowl by the door for the whole evening. First to reach for theirs does the dishes.,
S012,slowburn,Ritual,2,4,,2+,partners,a morning,"Run their morning for them: coffee made, clothes laid out, towel warmed, sent off with a kiss.",
S013,slowburn,Ritual,3,6,,2+,partners,1 hour,"Bathe them and wash their hair. No phones in the room, no rushing, and they don't lift a finger.",
S014,slowburn,Ritual,3,6,,2+,partners,1 hour,Give them a full-body massage with no expectation of anything after. And mean it.,
S015,slowburn,Ritual,3,6,,2+,partners,30 min,"Lie face to face and find every scar, freckle, and mark on their skin. Ask for the story behind each one.",
S016,slowburn,Ritual,3,6,,2+,partners,a morning,"Spend a whole morning in bed: no alarms, no screens, just talking, dozing, and whatever else wanders in.",
S017,slowburn,Ritual,3,6,,2+,partners,this week,"Start a Sunday-night ritual in bed: one thing you loved about them this week, one thing you need, one thing you want to try.",
S018,slowburn,Ritual,3,6,,2+,partners,30 min,"Do their skincare for them, slowly and carefully, like it's the most important job you'll have all week.",
S019,slowburn,Ritual,4,8,,2+,partners,20 min,"Rub lotion into every inch of them after their shower. Every inch they offer, anyway.",
S020,slowburn,Ritual,4,8,,2+,partners,tonight,"Sleep naked tonight, skin to skin, with nothing expected. Just notice everything.",
S021,slowburn,Ritual,4,8,,2+,partners,this week,"Every night this week, end the day with a wordless kiss that lasts a full minute. On the last night, don't stop at a minute.",
S022,slowburn,Ritual,5,10,,2+,partners,tonight,"Start a standing weekly night that belongs only to sex: same candle, same playlist, calendar blocked. Tonight is the first one.",
S023,slowburn,Date,1,2,,2+,any,a morning,Sunrise picnic. Pack it the night before and bring a blanket big enough for everyone to hide under.,
S024,slowburn,Date,1,2,,2+,any,an afternoon,Museum date: each of you finds the piece that reminds you of the other. Big reveal over coffee after.,
S025,slowburn,Date,1,2,,3+,any,an afternoon,"Thrift-store challenge: draw names, then $20 each to dress your person head to toe. Runway walk at the end.",
S026,slowburn,Date,1,2,,2+,any,a morning,Farmers market date: $15 each to build the best picnic you can. Then judge each other's haul.,
S027,slowburn,Date,1,2,,2+,partners,an evening,"Stargazing night: drive somewhere dark, lie back on a blanket, and name a constellation after each other.",
S028,slowburn,Date,1,2,,3+,any,an evening,Potluck where everyone brings the dish their family made when someone was sick. Tell the story before you serve.,
S029,slowburn,Date,2,4,,2+,any,an afternoon,Bookstore date: buy each other a book with a hidden note inside. No peeking until you're home.,
S030,slowburn,Date,2,4,,2+,partners,an evening,Cook a dish from the country you most want to visit together. Set the table like you've already landed.,
S031,slowburn,Date,2,4,,2+,partners,5 min,Slow dance in the kitchen to a song from the year you met. Burnt dinner is acceptable.,
S032,slowburn,Date,2,4,,2+,partners,one day,Plan a date for them using only clues. Send one riddle an hour until they work out where to show up.,
S033,slowburn,Date,2,4,,2+,partners,an evening,Go back to the spot of your first date or first kiss. Order the same thing. Compare memories; whoever's wrong pays.,
S034,slowburn,Date,2,4,,3+,any,an evening,Game night: everyone teaches the group a game from their childhood. Winner picks the snacks for the next one.,
S035,slowburn,Date,2,4,yes,2+,partners,this week,"Each of you secretly writes your pick: sunrise hike, fancy dinner, or a full day in pajamas. If you match, book it this week.",
S036,slowburn,Date,2,4,,2+,any,an afternoon,Rainy-day date: build a blanket fort and double-feature a movie from the year each of you was born.,
S037,slowburn,Date,3,6,,2+,partners,a weekend,"Weekend away with no itinerary. Pick a direction, drive two hours, and say yes to whatever you find.",
S038,slowburn,Date,3,6,yes,2+,partners,this week,"Secretly write your pick: a hotel night in your own city, a cabin with no signal, or one of you plans everything blind. Match? Book it.",
S039,slowburn,Date,3,6,,2+,partners,an evening,Dinner where you can only ask each other questions you've never asked before. Repeat one and you're paying.,
S040,slowburn,Date,3,6,,2+,partners,an evening,"Go dancing somewhere loud, then walk home somewhere quiet. Hold hands the whole way.",
S041,slowburn,Date,3,6,,2+,partners,an evening,"Get dressed up for a date at home: separate rooms, a knock at the door, proper first-date nerves.",
S042,slowburn,Date,3,6,,2+,partners,one day,Give them a tour of you: the places that shaped you before you met. End at the one that matters most.,
S043,slowburn,Date,4,8,,2+,partners,an evening,"Recreate the night you first slept together, or the one you wish had happened. Same playlist, better lighting.",
S044,slowburn,Date,4,8,,2+,partners,an evening,"Late-night drive, no destination. Park somewhere with a view and climb into the back seat like you've got a curfew.",
S045,slowburn,Date,4,8,yes,2+,partners,this week,"Each secretly circle one: a night of slow massages, a night trying something new, or a night one of you is in charge. Match? It's on this week.",
S046,slowburn,Date,5,10,,2+,partners,a weekend,Plan a whole-weekend date where every single stop is foreplay for the last one: the bedroom.,
S047,slowburn,Sensual,3,6,,2+,partners,15 min,"Blindfold them and feed them five tastes, one at a time. Every wrong guess earns a kiss.",
S048,slowburn,Sensual,3,6,,2+,partners,an evening,"An evening where nobody is allowed to rush: every kiss, touch, and sentence at half speed.",
S049,slowburn,Sensual,3,6,,2+,partners,5 min,"Kiss only their hands, wrists, and forearms for five slow minutes. Nowhere else, no matter how nicely they ask.",
S050,slowburn,Sensual,3,6,,2+,partners,1 hour,"Share a candlelit bath. One rule: nobody mentions work, chores, or tomorrow.",
S051,slowburn,Sensual,4,8,,2+,partners,1 hour,Candlelit massage with warm oil. They choose where you start; you choose how long you stay.,
S052,slowburn,Sensual,4,8,,2+,partners,15 min,"Undress each other as slowly as possible: one minute per item, timer on, no skipping ahead.",
S053,slowburn,Sensual,4,8,,2+,partners,20 min,Shower together where only one of you is allowed to do the washing. Switch tomorrow.,
S054,slowburn,Sensual,4,8,,2+,partners,10 min,Trace an ice cube wherever they point. Then follow the trail with your mouth.,
S055,slowburn,Sensual,4,8,,2+,partners,20 min,Map every spot that makes them shiver using only your fingertips. Report your findings out loud.,
S056,slowburn,Sensual,5,10,,2+,partners,30 min,Loosely tie their wrists with a silk scarf and take your time everywhere. Untie the second they ask.,
S057,slowburn,Sensual,5,10,,2+,partners,an evening,Spend an entire evening on foreplay. Set a one-hour timer before anyone's allowed to go further.,
S058,slowburn,Sensual,5,10,,2+,partners,tonight,Have sex by candlelight with your eyes open the whole time. Say their name whenever you want to look away.,
S059,slowburn,Sensual,5,10,,2+,partners,30 min,"Blindfold yourself and let them guide your hands wherever they want to be touched, as slowly as they like.",
S060,slowburn,Sensual,5,10,,2+,partners,a morning,"Ask tonight, then tomorrow wake them up slowly, kissing your way down one inch at a time.",
A001,afterdark,Group,3,6,,3+,partners,10 min,"Everyone's yes/no list is read aloud, one item at a time. No reactions allowed except a nod of thanks.",Go around once more: everyone names one thing they're glad someone else shared.
A002,afterdark,Group,3,6,,3+,partners,10 min,"Compliment circle: start sweet, and every round gets bolder. Anyone can say 'pass' or 'hold here' at any time.","Group hug, then everyone tells the person on their left one thing they'll remember."
A003,afterdark,Group,4,8,,3+,partners,5 min,The group chooses one person to be the center of attention for five minutes. They say what's on the table; everyone else delivers.,Whoever was the center picks who holds them afterward.
A004,afterdark,Group,4,8,,3+,partners,2 min,"Before anything starts, everyone says out loud: watching, playing, or undecided. Undecided is a perfectly good answer.",Everyone shares one thing they loved seeing or doing tonight.
A005,afterdark,Group,4,8,,3+,partners,10 min,"One person directs a scene for the others: where to sit, who kisses whom, how slow. Actors check in at every cue.",The director thanks each actor by name and asks what they'd change next time.
A006,afterdark,Group,4,8,,3+,partners,10 min,Pass a blindfold around. Whoever wears it is kissed by someone after a silent thumbs-up. They guess who.,Lift the blindfold and let them hug whoever they guessed wrong.
A007,afterdark,Group,4,8,,3+,partners,15 min,"Pick a slow scene together. Every three minutes, pause: everyone says green, yellow, or red. Any red changes the plan, no reasons needed.",Close with everyone naming the moment they felt most cared for.
A008,afterdark,Group,5,10,yes,3+,partners,tonight,Everyone secretly signals: is everybody undressing together tonight? It only happens if everyone says yes.,Pile under one big blanket and let each person say how they're feeling.
A009,afterdark,Group,5,10,,3+,partners,20 min,Two of you tease each other while one watches and directs. Rotate until everyone has had the director's chair.,Regroup and let each director say what they enjoyed seeing most.
A010,afterdark,Group,5,10,,3+,partners,tonight,"Everyone writes their wildest group fantasy anonymously. Shuffle, read aloud, vote on one to try. A single 'no' vetoes it.",Seal the unchosen cards in an envelope for another night.
A011,afterdark,Negotiate,3,6,,2+,partners,10 min,"Each of you writes three columns: yes, no, maybe. Swap lists. Ask about the one maybe that made you lean in.","Thank them for one answer that took courage, and mean it."
A012,afterdark,Negotiate,3,6,,2+,partners,2 min,Name one hard limit and one curious maybe. The limit needs no explanation. The maybe gets all the questions.,Hold hands and repeat their hard limit back so they know you heard it.
A013,afterdark,Negotiate,3,6,,2+,partners,2 min,"Choose a safeword together. Bonus if it makes you both laugh. Then practice saying it once, completely seriously.",Seal the safeword with a slow kiss and a promise to always honor it.
A014,afterdark,Negotiate,3,6,,2+,partners,3 min,Describe a fantasy in vivid detail. Your partner listens without touching you. Not even a little.,"Let them close the gap: one long hug, no words needed."
A015,afterdark,Negotiate,3,6,,2+,partners,5 min,What would make you feel completely safe trying something new? Answer in detail while your partner takes notes.,Read their notes back to them and ask if you got it right.
A016,afterdark,Negotiate,3,6,,2+,partners,3 min,"Rate these 1 to 5 out loud: being told what to do, being blindfolded, being praised, being teased. Compare scores.",Tell them which of their answers you'll be thinking about tomorrow.
A017,afterdark,Negotiate,3,6,,2+,partners,5 min,"Agree on traffic lights: green means more, yellow means slow down, red means stop. Then whisper 'green' and see what happens.","Check in after: what color are you now, and what do you need?"
A018,afterdark,Negotiate,3,6,,2+,partners,3 min,Confess one thing you've wanted to try but were too shy to ask for. Your partner may only reply 'tell me more.',Kiss their forehead and tell them nothing they said could make you think less of them.
A019,afterdark,Negotiate,3,6,,2+,partners,10 min,"Negotiate a scene like a contract: who leads, how long, what's on the table, what's off. Sign it with a kiss.",Review the 'contract' afterward and agree on one clause to change next time.
A020,afterdark,Negotiate,3,6,,2+,partners,2 min,"Answer by pointing: where do you love being touched, where is off-limits tonight, and where are you curious?",Wrap them in a blanket and tell them one answer that surprised you.
A021,afterdark,Power,3,6,,2+,partners,5 min,"Praise only: for five minutes, tell your partner exactly what they're doing right. Be specific. Watch them glow.","Ask which compliment landed hardest, then say it once more, slowly."
A022,afterdark,Power,3,6,,2+,partners,2 min,"Whisper an order across the room. Something small: come here, sit closer, take one thing off. They may say yes or no.","When they do it, thank them like it's the best gift you've had all week."
A023,afterdark,Power,3,6,,2+,partners,5 min,"Make your partner earn permission to kiss you. Set the task: a compliment, a confession, a back rub. Then grant it generously.","Tell them what made you say yes, and give them one kiss for free."
A024,afterdark,Power,4,8,,2+,partners,10 min,"For 10 minutes, your partner gives every instruction. You may only answer 'yes' or the safeword.",Trade places for a slow hug and ask how it felt to hand over the wheel.
A025,afterdark,Power,4,8,,2+,partners,tonight,"Service hour: one of you is cared for completely. Drinks brought, shoulders rubbed, clothes removed on request. They lift nothing.","Whoever served gets ten minutes of being held, no questions asked."
A026,afterdark,Power,4,8,,2+,partners,5 min,"No hands. Tease your partner using only your lips, your voice, and the brush of your hair against their skin.",Then use your hands for something gentle: stroke their hair until they melt.
A027,afterdark,Power,4,8,,2+,partners,20 min,"Halfway through, switch who's in charge. Whoever led first now follows whatever the new boss decides.","Tell each other which half you liked better, and why."
A028,afterdark,Power,4,8,,2+,partners,10 min,"Your partner sits, stands, or kneels exactly where you point. Keep them waiting for the next instruction. Make the pause delicious.",Bring them a glass of water and sit at eye level to check in.
A029,afterdark,Power,4,8,,2+,partners,tonight,"Set one rule for tonight, like 'ask before you touch' or 'call me by a title.' Each slip earns a playful consequence you agreed on first.",Forgive every slip with a kiss and tell them they did beautifully.
A030,afterdark,Power,5,10,yes,2+,partners,tonight,"Secretly signal: do you want a full power exchange tonight? One leads, one follows, safeword always honored. Only if everyone says yes.",Lie close for ten minutes after and trade one thing you loved about how the other led or followed.
A031,afterdark,Power,5,10,,2+,partners,5 min,Tell your partner to undress slowly while you stay fully clothed and watch. Narrate what you like. No touching until you say so.,Wrap them in your shirt or a soft blanket and tell them how gorgeous they looked.
A032,afterdark,Power,5,10,,2+,partners,20 min,"Your partner may not finish, or even ask to, until you grant permission. You decide how long. They decide if it's too long.",Hold them close and tell them how proud you are of their patience.
A033,afterdark,Power,5,10,,2+,partners,10 min,"Lead your partner to the bedroom by the hand. At every step, tell them in a low voice exactly what's about to happen.","Once it's over, tell them what you'll remember most and let them choose the cuddle position."
A034,afterdark,Power,5,10,,2+,partners,20 min,"Write three orders on scraps of paper, each bolder than the last. Your partner draws one at a time and may veto any with the safeword.",Read the unused orders aloud together and decide which to save for next time.
A035,afterdark,Sensation,3,6,,2+,partners,3 min,Blindfold your partner. Kiss them somewhere unexpected every 30 seconds. They guess where you'll land next.,Remove the blindfold slowly so the first thing they see is your smile.
A036,afterdark,Sensation,3,6,,2+,partners,3 min,Trace slow letters on their back with a feather. They have to guess the secret word you're spelling.,Whisper the real word and tell them why you picked it.
A037,afterdark,Sensation,3,6,,2+,partners,5 min,"Warm drink in one hand, ice cube in the other. Alternate kisses: hot, cold, hot. They pick which wins.",Share the rest of the warm drink under one blanket.
A038,afterdark,Sensation,4,8,,2+,partners,15 min,"Tie their wrists loosely with a soft scarf. Quick-release knot, scissors in reach, and check they can slip free. Then take your time.","Untie them gently, rub their wrists, and ask what felt best."
A039,afterdark,Sensation,4,8,,2+,partners,10 min,"Touch everywhere except where they want it most, until they ask nicely. You get to define 'nicely.'","Give them exactly what they asked for, then hold them until they're calm again."
A040,afterdark,Sensation,4,8,,2+,partners,5 min,"Scratch their back slowly, light to firm. They call out 'more' or 'less.' Keep it gentle enough that nothing lingers.",Smooth lotion along every path you scratched.
A041,afterdark,Sensation,4,8,,2+,partners,5 min,"Negotiate a spanking first: where, how firm, how many. Count them out loud together. Stop the instant the safeword lands.",Rub the spot soothingly and tell them how much you trust them.
A042,afterdark,Sensation,4,8,,2+,partners,5 min,"Blindfold on. Run five textures over their skin: silk, fur, something cool and metal, a soft brush, your lips. They rank them.","Let them do the same to you, then compare your top picks."
A043,afterdark,Sensation,4,8,,2+,partners,3 min,Drag an ice cube slowly down their spine. Chase every drop with a warm kiss.,Dry them off with a warm towel and keep them wrapped in it.
A044,afterdark,Sensation,5,10,yes,2+,partners,tonight,"Secretly signal: soft ties tonight? Quick-release knots, scissors nearby, safeword ready. It only happens if everyone says yes.","Release them slowly, massage where the ties were, and tell them what their trust felt like."
A045,afterdark,Sensation,5,10,,2+,partners,20 min,"Blindfold and soft ties together, quick release in reach. They can't see or reach you. Tell them everything you're about to do, then do it.","Unwrap them like a gift, then hold them until they're ready to talk."
A046,afterdark,Sensation,5,10,,2+,partners,20 min,"Bring them right to the edge, then stop. Three times. On the fourth, they decide what happens.","Bring them water, brush their hair back, and tell them they were incredible."
A047,afterdark,Sensation,5,10,,2+,partners,10 min,Pin their wrists gently above their head with one hand. Explore with the other. Let go the instant they ask.,"Kiss each wrist, then lace your fingers through theirs."
A048,afterdark,Sensation,5,10,,2+,partners,15 min,"Sensory overload: blindfold, slow music, ice in one of your hands, a feather in the other. Ask 'color?' every few minutes.","Take it all away one sense at a time, then finish with a long, quiet hug."
A049,afterdark,Roleplay,3,6,,2+,partners,20 min,"Strangers at a bar: each of you invents a name, a job, and one secret. Meet across the room and try to pick each other up.",Drop character with a real kiss and tell them your favorite line of theirs.
A050,afterdark,Roleplay,3,6,,2+,partners,15 min,One of you writes a very specific job title; the other writes three 'qualifications.' Hold the interview. Hire only if truly convinced.,Give them a glowing performance review: three things they did that you loved.
A051,afterdark,Roleplay,4,8,,2+,partners,20 min,"The masseuse: agree on the menu beforehand. One books the deluxe treatment; the other decides, within the menu, what's included.",Swap roles for a five-minute shoulder rub with no agenda at all.
A052,afterdark,Roleplay,4,8,,2+,partners,20 min,"Consensual boss and new hire, both adults, both very into it. Write the office rules together first, then hold a 'performance review.'","Clock out together: comfy clothes, a snack, and a debrief."
A053,afterdark,Roleplay,4,8,,2+,partners,20 min,"Consensual royal and bodyguard. Decide together beforehand: who's sworn to protect whom, and which forbidden line gets crossed tonight?","Out of character, tell them one moment that felt truly romantic."
A054,afterdark,Roleplay,4,8,,2+,partners,20 min,"Write a scene on three index cards: beginning, middle, end. Swap cards and act out your partner's version.","Keep the cards, and tell them which line made you blush most."
A055,afterdark,Roleplay,4,8,,2+,partners,15 min,"Photographer and model. Each writes one pose the other may request. Run a shoot with no camera, only direction and praise.",Tell them one 'shot' you'll be replaying in your head all week.
A056,afterdark,Roleplay,5,10,yes,2+,partners,tonight,Each of you writes a secret scene on a card. Swap and read silently. Signal yes or no. You play it only if everyone says yes.,"Whatever the answer, thank them for trusting you with that card."
A057,afterdark,Roleplay,5,10,,2+,partners,20 min,"Rival spies, one consensual interrogation. Agree first on the secret, the limits, and the safeword. Extract the secret using only your mouth.","Confess your own secret was always 'I adore you,' then hold them close."
A058,afterdark,Roleplay,5,10,,2+,partners,tonight,Room service: write a menu of very adult offerings together. One orders; the other delivers. The tip is negotiable.,Order a real snack together afterward and eat it in bed.
A059,afterdark,Roleplay,5,10,,2+,partners,20 min,"Celebrity and superfan, both adults, both entirely willing. Decide beforehand how far the meet-and-greet goes. Then let it go there.","Remind them they're your favorite person, no costume required."
A060,afterdark,Roleplay,5,10,,2+,partners,tonight,"The genie: your partner writes three wishes beforehand, within limits you've agreed on. Grant them one at a time, fully in character.",Grant one bonus wish after: a cuddle of any length they choose.
R01,rules,Rules,,,,,,," How to play   Set your heat.  Everyone picks a max heat, 1 to 5. The table plays at the  lowest  number picked. No one has to say why.   Take turns.  Draw, read it out loud, then choose:  do it  now,  claim it  for later, or  skip it . Skipping is always free.   Score Sparks.  The number in the corner is what the card is worth. First to the goal catches fire. ",
R02,rules,Rules,,,,,,," Sparks   Quick night:  first to 25.  Long night:  50.  Season:  keep a running total for a month.   The Woodpile.  Big cards (Wildfire, Slow Burn) are usually claimed now and done later. Keep them face up in front of you. They score when you complete them.   Match cards.  Everyone votes in secret. If everyone says yes, everyone does it and everyone scores  double .   Wild cards  bend the rules. Follow what they say. ",
R03,rules,Rules,,,,,,," Consent & care   Every card is optional.  Skip any card, any time, no reason given, no penalty, no eyebrows.   ""Cool it.""  Anyone can say it. The heat cap drops by one for the rest of the game.   ""Ember out.""  Anyone can say it. The game ends right there and you go get water, snacks, and a hug.  A yes tonight is not a yes forever. Check in like it's part of the game, because it is. ",
R04,rules,Rules,,,,,,," The Pot   Optional, and fun.  Before a Season starts, everyone puts the same amount into a jar. $20, $100, whatever feels right.   At the end,  the player with the most Sparks picks how the whole pot gets spent, from a wish list you all wrote together: a hotel night, a class, a dinner you've been eyeing.   The catch:  the player with the fewest Sparks has to plan it. Everyone goes. Everybody wins, someone just wins a little more. ",
